Name,Email,Company,Location,Industry
Alice,alice@startup.com,Startup Inc,New York,Tech
Bob,bob@example.com,Example Co,Boston,Finance
Charlie,charlie@startup.com,Startup Inc,New York,Tech
Diana,diana@sample.org,Sample LLC,Chicago,Health
Eve,eve@invalid,Error Inc,Unknown,Misc
